cep_prefix,bairro
90010,Centro Histórico
90011,Centro Histórico
90012,Centro Histórico
90013,Centro Histórico
90014,Centro Histórico
90015,Centro Histórico
90016,Centro Histórico
90017,Centro Histórico
90018,Centro Histórico
90019,Centro Histórico
90020,Centro Histórico
90021,Centro Histórico
90022,Centro Histórico
90023,Centro Histórico
90024,Centro Histórico
90025,Centro Histórico
90026,Centro Histórico
90027,Centro Histórico
90028,Centro Histórico
90029,Centro Histórico
90030,Centro Histórico
90031,Centro Histórico
90032,Centro Histórico
90033,Centro Histórico
90034,Centro Histórico
90035,Centro Histórico
90036,Centro Histórico
90037,Centro Histórico
90038,Centro Histórico
90039,Centro Histórico
90040,Centro Histórico
90041,Centro Histórico
90042,Centro Histórico
90043,Centro Histórico
90044,Centro Histórico
90045,Centro Histórico
90046,Centro Histórico
90047,Centro Histórico
90048,Centro Histórico
90049,Centro Histórico
90050,Centro Histórico
90051,Cidade Baixa
90052,Cidade Baixa
90053,Cidade Baixa
90054,Cidade Baixa
90055,Cidade Baixa
90056,Cidade Baixa
90057,Cidade Baixa
90058,Cidade Baixa
90059,Cidade Baixa
90060,Cidade Baixa
90130,Cidade Baixa
90131,Cidade Baixa
90132,Cidade Baixa
90133,Cidade Baixa
90134,Cidade Baixa
90135,Cidade Baixa
90136,Cidade Baixa
90137,Cidade Baixa
90138,Cidade Baixa
90139,Cidade Baixa
90140,Cidade Baixa
90141,Cidade Baixa
90142,Cidade Baixa
90143,Cidade Baixa
90144,Cidade Baixa
90145,Cidade Baixa
90146,Cidade Baixa
90147,Cidade Baixa
90148,Cidade Baixa
90149,Cidade Baixa
90150,Cidade Baixa
90151,Cidade Baixa
90152,Cidade Baixa
90153,Cidade Baixa
90154,Cidade Baixa
90155,Cidade Baixa
90156,Cidade Baixa
90157,Cidade Baixa
90158,Cidade Baixa
90159,Cidade Baixa
90160,Cidade Baixa
90161,Menino Deus
90162,Menino Deus
90163,Menino Deus
90164,Menino Deus
90165,Menino Deus
90166,Menino Deus
90167,Menino Deus
90168,Menino Deus
90169,Menino Deus
90170,Menino Deus
90171,Menino Deus
90172,Menino Deus
90173,Menino Deus
90174,Menino Deus
90175,Menino Deus
90176,Menino Deus
90177,Menino Deus
90178,Menino Deus
90179,Menino Deus
90180,Menino Deus
90181,Menino Deus
90182,Menino Deus
90183,Menino Deus
90184,Menino Deus
90185,Menino Deus
90186,Menino Deus
90187,Menino Deus
90188,Menino Deus
90189,Menino Deus
90190,Menino Deus
90191,Menino Deus
90192,Menino Deus
90193,Menino Deus
90194,Menino Deus
90195,Menino Deus
90196,Menino Deus
90197,Menino Deus
90198,Menino Deus
90199,Menino Deus
90200,Menino Deus
90201,Menino Deus
90202,Menino Deus
90203,Menino Deus
90204,Menino Deus
90205,Menino Deus
90206,Menino Deus
90207,Menino Deus
90208,Menino Deus
90209,Menino Deus
90210,Menino Deus
90211,Menino Deus
90212,Menino Deus
90213,Menino Deus
90214,Menino Deus
90215,Menino Deus
90216,Menino Deus
90217,Menino Deus
90218,Menino Deus
90219,Menino Deus
90220,Menino Deus
90230,Praia de Belas
90231,Praia de Belas
90232,Praia de Belas
90233,Praia de Belas
90234,Praia de Belas
90235,Praia de Belas
90236,Praia de Belas
90237,Praia de Belas
90238,Praia de Belas
90239,Praia de Belas
90240,Praia de Belas
90241,Praia de Belas
90242,Praia de Belas
90243,Praia de Belas
90244,Praia de Belas
90245,Praia de Belas
90246,Praia de Belas
90247,Praia de Belas
90248,Praia de Belas
90249,Praia de Belas
90250,Praia de Belas
90251,Azenha
90252,Azenha
90253,Azenha
90254,Azenha
90255,Azenha
90256,Azenha
90257,Azenha
90258,Azenha
90259,Azenha
90260,Azenha
90261,Santana
90262,Santana
90263,Santana
90264,Santana
90265,Santana
90266,Santana
90267,Santana
90268,Santana
90269,Santana
90270,Santana
90271,Santana
90272,Santana
90273,Santana
90274,Santana
90275,Santana
90276,Santana
90277,Santana
90278,Santana
90279,Santana
90280,Santana
90281,Santana
90282,Santana
90283,Santana
90284,Santana
90285,Santana
90286,Santana
90287,Santana
90288,Santana
90289,Santana
90290,Santana
90420,Bom Fim
90421,Bom Fim
90422,Bom Fim
90423,Bom Fim
90424,Bom Fim
90425,Bom Fim
90426,Bom Fim
90427,Bom Fim
90428,Bom Fim
90429,Bom Fim
90430,Bom Fim
90431,Bom Fim
90432,Bom Fim
90433,Bom Fim
90434,Bom Fim
90435,Bom Fim
90436,Bom Fim
90437,Bom Fim
90438,Bom Fim
90439,Bom Fim
90440,Bom Fim
90441,Bom Fim
90442,Bom Fim
90443,Bom Fim
90444,Bom Fim
90445,Bom Fim
90446,Bom Fim
90447,Bom Fim
90448,Bom Fim
90449,Bom Fim
90450,Bom Fim
90451,Bom Fim
90452,Bom Fim
90453,Bom Fim
90454,Bom Fim
90455,Bom Fim
90456,Bom Fim
90457,Bom Fim
90458,Bom Fim
90459,Bom Fim
90460,Bom Fim
90461,Bom Fim
90462,Bom Fim
90463,Bom Fim
90464,Bom Fim
90465,Bom Fim
90466,Bom Fim
90467,Bom Fim
90468,Bom Fim
90469,Bom Fim
90470,Bom Fim
90471,Rio Branco
90472,Rio Branco
90473,Rio Branco
90474,Rio Branco
90475,Rio Branco
90476,Rio Branco
90477,Rio Branco
90478,Rio Branco
90479,Rio Branco
90480,Rio Branco
90481,Rio Branco
90482,Rio Branco
90483,Rio Branco
90484,Rio Branco
90485,Rio Branco
90486,Rio Branco
90487,Rio Branco
90488,Rio Branco
90489,Rio Branco
90490,Rio Branco
90491,Auxiliadora
90492,Auxiliadora
90493,Auxiliadora
90494,Auxiliadora
90495,Auxiliadora
90496,Auxiliadora
90497,Auxiliadora
90498,Auxiliadora
90499,Auxiliadora
90500,Auxiliadora
90501,Auxiliadora
90502,Auxiliadora
90503,Auxiliadora
90504,Auxiliadora
90505,Auxiliadora
90506,Auxiliadora
90507,Auxiliadora
90508,Auxiliadora
90509,Auxiliadora
90510,Auxiliadora
90511,Auxiliadora
90512,Auxiliadora
90513,Auxiliadora
90514,Auxiliadora
90515,Auxiliadora
90516,Auxiliadora
90517,Auxiliadora
90518,Auxiliadora
90519,Auxiliadora
90520,Auxiliadora
90521,Mont' Serrat
90522,Mont' Serrat
90523,Mont' Serrat
90524,Mont' Serrat
90525,Mont' Serrat
90526,Mont' Serrat
90527,Mont' Serrat
90528,Mont' Serrat
90529,Mont' Serrat
90530,Mont' Serrat
90531,Mont' Serrat
90532,Mont' Serrat
90533,Mont' Serrat
90534,Mont' Serrat
90535,Mont' Serrat
90536,Mont' Serrat
90537,Mont' Serrat
90538,Mont' Serrat
90539,Mont' Serrat
90540,Mont' Serrat
90541,Higienópolis
90542,Higienópolis
90543,Higienópolis
90544,Higienópolis
90545,Higienópolis
90546,Higienópolis
90547,Higienópolis
90548,Higienópolis
90549,Higienópolis
90550,Higienópolis
90551,São João
90552,São João
90553,São João
90554,São João
90555,São João
90556,São João
90557,São João
90558,São João
90559,São João
90560,São João
90561,São João
90562,São João
90563,São João
90564,São João
90565,São João
90566,São João
90567,São João
90568,São João
90569,São João
90570,São João
90571,Floresta
90572,Floresta
90573,Floresta
90574,Floresta
90575,Floresta
90576,Floresta
90577,Floresta
90578,Floresta
90579,Floresta
90580,Floresta
90581,Floresta
90582,Floresta
90583,Floresta
90584,Floresta
90585,Floresta
90586,Floresta
90587,Floresta
90588,Floresta
90589,Floresta
90590,Floresta
90591,Floresta
90592,Floresta
90593,Floresta
90594,Floresta
90595,Floresta
90596,Floresta
90597,Floresta
90598,Floresta
90599,Floresta
90600,Floresta
90601,Floresta
90602,Floresta
90603,Floresta
90604,Floresta
90605,Floresta
90606,Floresta
90607,Floresta
90608,Floresta
90609,Floresta
90610,Floresta
90611,Santa Cecília
90612,Santa Cecília
90613,Santa Cecília
90614,Santa Cecília
90615,Santa Cecília
90616,Santa Cecília
90617,Santa Cecília
90618,Santa Cecília
90619,Santa Cecília
90620,Santa Cecília
90621,Santa Cecília
90622,Santa Cecília
90623,Santa Cecília
90624,Santa Cecília
90625,Santa Cecília
90626,Santa Cecília
90627,Santa Cecília
90628,Santa Cecília
90629,Santa Cecília
90630,Santa Cecília
90631,Petrópolis
90632,Petrópolis
90633,Petrópolis
90634,Petrópolis
90635,Petrópolis
90636,Petrópolis
90637,Petrópolis
90638,Petrópolis
90639,Petrópolis
90640,Petrópolis
90641,Petrópolis
90642,Petrópolis
90643,Petrópolis
90644,Petrópolis
90645,Petrópolis
90646,Petrópolis
90647,Petrópolis
90648,Petrópolis
90649,Petrópolis
90650,Petrópolis
90651,Jardim Botânico
90652,Jardim Botânico
90653,Jardim Botânico
90654,Jardim Botânico
90655,Jardim Botânico
90656,Jardim Botânico
90657,Jardim Botânico
90658,Jardim Botânico
90659,Jardim Botânico
90660,Jardim Botânico
90661,Jardim Botânico
90662,Jardim Botânico
90663,Jardim Botânico
90664,Jardim Botânico
90665,Jardim Botânico
90666,Jardim Botânico
90667,Jardim Botânico
90668,Jardim Botânico
90669,Jardim Botânico
90670,Jardim Botânico
90671,Vila Jardim
90672,Vila Jardim
90673,Vila Jardim
90674,Vila Jardim
90675,Vila Jardim
90676,Vila Jardim
90677,Vila Jardim
90678,Vila Jardim
90679,Vila Jardim
90680,Vila Jardim
90681,Jardim do Salso
90682,Jardim do Salso
90683,Jardim do Salso
90684,Jardim do Salso
90685,Jardim do Salso
90686,Jardim do Salso
90687,Jardim do Salso
90688,Jardim do Salso
90689,Jardim do Salso
90690,Jardim do Salso
90691,Bela Vista
90692,Bela Vista
90693,Bela Vista
90694,Bela Vista
90695,Bela Vista
90696,Bela Vista
90697,Bela Vista
90698,Bela Vista
90699,Bela Vista
90700,Bela Vista
90701,Bela Vista
90702,Bela Vista
90703,Bela Vista
90704,Bela Vista
90705,Bela Vista
90706,Bela Vista
90707,Bela Vista
90708,Bela Vista
90709,Bela Vista
90710,Bela Vista
90711,Boa Vista
90712,Boa Vista
90713,Boa Vista
90714,Boa Vista
90715,Boa Vista
90716,Boa Vista
90717,Boa Vista
90718,Boa Vista
90719,Boa Vista
90720,Boa Vista
90721,Passo da Areia
90722,Passo da Areia
90723,Passo da Areia
90724,Passo da Areia
90725,Passo da Areia
90726,Passo da Areia
90727,Passo da Areia
90728,Passo da Areia
90729,Passo da Areia
90730,Passo da Areia
90731,Passo da Areia
90732,Passo da Areia
90733,Passo da Areia
90734,Passo da Areia
90735,Passo da Areia
90736,Passo da Areia
90737,Passo da Areia
90738,Passo da Areia
90739,Passo da Areia
90740,Passo da Areia
90741,Passo da Areia
90742,Passo da Areia
90743,Passo da Areia
90744,Passo da Areia
90745,Passo da Areia
90746,Passo da Areia
90747,Passo da Areia
90748,Passo da Areia
90749,Passo da Areia
90750,Passo da Areia
90751,Cristo Redentor
90752,Cristo Redentor
90753,Cristo Redentor
90754,Cristo Redentor
90755,Cristo Redentor
90756,Cristo Redentor
90757,Cristo Redentor
90758,Cristo Redentor
90759,Cristo Redentor
90760,Cristo Redentor
90761,Cristo Redentor
90762,Cristo Redentor
90763,Cristo Redentor
90764,Cristo Redentor
90765,Cristo Redentor
90766,Cristo Redentor
90767,Cristo Redentor
90768,Cristo Redentor
90769,Cristo Redentor
90770,Cristo Redentor
90771,Cristo Redentor
90772,Cristo Redentor
90773,Cristo Redentor
90774,Cristo Redentor
90775,Cristo Redentor
90776,Cristo Redentor
90777,Cristo Redentor
90778,Cristo Redentor
90779,Cristo Redentor
90780,Cristo Redentor
90781,São Geraldo
90782,São Geraldo
90783,São Geraldo
90784,São Geraldo
90785,São Geraldo
90786,São Geraldo
90787,São Geraldo
90788,São Geraldo
90789,São Geraldo
90790,São Geraldo
90791,São Geraldo
90792,São Geraldo
90793,São Geraldo
90794,São Geraldo
90795,São Geraldo
90796,São Geraldo
90797,São Geraldo
90798,São Geraldo
90799,São Geraldo
90800,São Geraldo
90801,São Geraldo
90802,São Geraldo
90803,São Geraldo
90804,São Geraldo
90805,São Geraldo
90806,São Geraldo
90807,São Geraldo
90808,São Geraldo
90809,São Geraldo
90810,São Geraldo
90811,Navegantes
90812,Navegantes
90813,Navegantes
90814,Navegantes
90815,Navegantes
90816,Navegantes
90817,Navegantes
90818,Navegantes
90819,Navegantes
90820,Navegantes
90821,Navegantes
90822,Navegantes
90823,Navegantes
90824,Navegantes
90825,Navegantes
90826,Navegantes
90827,Navegantes
90828,Navegantes
90829,Navegantes
90830,Navegantes
90831,Humaitá
90832,Humaitá
90833,Humaitá
90834,Humaitá
90835,Humaitá
90836,Humaitá
90837,Humaitá
90838,Humaitá
90839,Humaitá
90840,Humaitá
90841,Humaitá
90842,Humaitá
90843,Humaitá
90844,Humaitá
90845,Humaitá
90846,Humaitá
90847,Humaitá
90848,Humaitá
90849,Humaitá
90850,Humaitá
90851,Anchieta
90852,Anchieta
90853,Anchieta
90854,Anchieta
90855,Anchieta
90856,Anchieta
90857,Anchieta
90858,Anchieta
90859,Anchieta
90860,Anchieta
90861,Anchieta
90862,Anchieta
90863,Anchieta
90864,Anchieta
90865,Anchieta
90866,Anchieta
90867,Anchieta
90868,Anchieta
90869,Anchieta
90870,Anchieta
90880,Sarandi
90881,Sarandi
90882,Sarandi
90883,Sarandi
90884,Sarandi
90885,Sarandi
90886,Sarandi
90887,Sarandi
90888,Sarandi
90889,Sarandi
90890,Sarandi
90891,Sarandi
90892,Sarandi
90893,Sarandi
90894,Sarandi
90895,Sarandi
90896,Sarandi
90897,Sarandi
90898,Sarandi
90899,Sarandi
90900,Sarandi
91010,Sarandi
91011,Sarandi
91012,Sarandi
91013,Sarandi
91014,Sarandi
91015,Sarandi
91016,Sarandi
91017,Sarandi
91018,Sarandi
91019,Sarandi
91020,Sarandi
91021,Sarandi
91022,Sarandi
91023,Sarandi
91024,Sarandi
91025,Sarandi
91026,Sarandi
91027,Sarandi
91028,Sarandi
91029,Sarandi
91030,Sarandi
91031,Sarandi
91032,Sarandi
91033,Sarandi
91034,Sarandi
91035,Sarandi
91036,Sarandi
91037,Sarandi
91038,Sarandi
91039,Sarandi
91040,Sarandi
91041,Rubem Berta
91042,Rubem Berta
91043,Rubem Berta
91044,Rubem Berta
91045,Rubem Berta
91046,Rubem Berta
91047,Rubem Berta
91048,Rubem Berta
91049,Rubem Berta
91050,Rubem Berta
91051,Mário Quintana
91052,Mário Quintana
91053,Mário Quintana
91054,Mário Quintana
91055,Mário Quintana
91056,Mário Quintana
91057,Mário Quintana
91058,Mário Quintana
91059,Mário Quintana
91060,Mário Quintana
91061,Mário Quintana
91062,Mário Quintana
91063,Mário Quintana
91064,Mário Quintana
91065,Mário Quintana
91066,Mário Quintana
91067,Mário Quintana
91068,Mário Quintana
91069,Mário Quintana
91070,Mário Quintana
91071,Mário Quintana
91072,Mário Quintana
91073,Mário Quintana
91074,Mário Quintana
91075,Mário Quintana
91076,Mário Quintana
91077,Mário Quintana
91078,Mário Quintana
91079,Mário Quintana
91080,Mário Quintana
91081,Mário Quintana
91082,Mário Quintana
91083,Mário Quintana
91084,Mário Quintana
91085,Mário Quintana
91086,Mário Quintana
91087,Mário Quintana
91088,Mário Quintana
91089,Mário Quintana
91090,Mário Quintana
91091,Mário Quintana
91092,Mário Quintana
91093,Mário Quintana
91094,Mário Quintana
91095,Mário Quintana
91096,Mário Quintana
91097,Mário Quintana
91098,Mário Quintana
91099,Mário Quintana
91100,Mário Quintana
91101,Mário Quintana
91102,Mário Quintana
91103,Mário Quintana
91104,Mário Quintana
91105,Mário Quintana
91106,Mário Quintana
91107,Mário Quintana
91108,Mário Quintana
91109,Mário Quintana
91110,Mário Quintana
91111,Costa e Silva
91112,Costa e Silva
91113,Costa e Silva
91114,Costa e Silva
91115,Costa e Silva
91116,Costa e Silva
91117,Costa e Silva
91118,Costa e Silva
91119,Costa e Silva
91120,Costa e Silva
91121,Costa e Silva
91122,Costa e Silva
91123,Costa e Silva
91124,Costa e Silva
91125,Costa e Silva
91126,Costa e Silva
91127,Costa e Silva
91128,Costa e Silva
91129,Costa e Silva
91130,Costa e Silva
91131,Jardim Itu-Sabará
91132,Jardim Itu-Sabará
91133,Jardim Itu-Sabará
91134,Jardim Itu-Sabará
91135,Jardim Itu-Sabará
91136,Jardim Itu-Sabará
91137,Jardim Itu-Sabará
91138,Jardim Itu-Sabará
91139,Jardim Itu-Sabará
91140,Jardim Itu-Sabará
91141,Jardim Itu-Sabará
91142,Jardim Itu-Sabará
91143,Jardim Itu-Sabará
91144,Jardim Itu-Sabará
91145,Jardim Itu-Sabará
91146,Jardim Itu-Sabará
91147,Jardim Itu-Sabará
91148,Jardim Itu-Sabará
91149,Jardim Itu-Sabará
91150,Jardim Itu-Sabará
91151,Jardim Itu-Sabará
91152,Jardim Itu-Sabará
91153,Jardim Itu-Sabará
91154,Jardim Itu-Sabará
91155,Jardim Itu-Sabará
91156,Jardim Itu-Sabará
91157,Jardim Itu-Sabará
91158,Jardim Itu-Sabará
91159,Jardim Itu-Sabará
91160,Jardim Itu-Sabará
91161,Jardim Itu-Sabará
91162,Jardim Itu-Sabará
91163,Jardim Itu-Sabará
91164,Jardim Itu-Sabará
91165,Jardim Itu-Sabará
91166,Jardim Itu-Sabará
91167,Jardim Itu-Sabará
91168,Jardim Itu-Sabará
91169,Jardim Itu-Sabará
91170,Jardim Itu-Sabará
91171,Jardim Lindóia
91172,Jardim Lindóia
91173,Jardim Lindóia
91174,Jardim Lindóia
91175,Jardim Lindóia
91176,Jardim Lindóia
91177,Jardim Lindóia
91178,Jardim Lindóia
91179,Jardim Lindóia
91180,Jardim Lindóia
91181,Jardim Lindóia
91182,Jardim Lindóia
91183,Jardim Lindóia
91184,Jardim Lindóia
91185,Jardim Lindóia
91186,Jardim Lindóia
91187,Jardim Lindóia
91188,Jardim Lindóia
91189,Jardim Lindóia
91190,Jardim Lindóia
91191,Jardim Lindóia
91192,Jardim Lindóia
91193,Jardim Lindóia
91194,Jardim Lindóia
91195,Jardim Lindóia
91196,Jardim Lindóia
91197,Jardim Lindóia
91198,Jardim Lindóia
91199,Jardim Lindóia
91200,Jardim Lindóia
91201,Jardim Lindóia
91202,Jardim Lindóia
91203,Jardim Lindóia
91204,Jardim Lindóia
91205,Jardim Lindóia
91206,Jardim Lindóia
91207,Jardim Lindóia
91208,Jardim Lindóia
91209,Jardim Lindóia
91210,Jardim Lindóia
91211,Jardim Lindóia
91212,Jardim Lindóia
91213,Jardim Lindóia
91214,Jardim Lindóia
91215,Jardim Lindóia
91216,Jardim Lindóia
91217,Jardim Lindóia
91218,Jardim Lindóia
91219,Jardim Lindóia
91220,Jardim Lindóia
91221,Vila Ipiranga
91222,Vila Ipiranga
91223,Vila Ipiranga
91224,Vila Ipiranga
91225,Vila Ipiranga
91226,Vila Ipiranga
91227,Vila Ipiranga
91228,Vila Ipiranga
91229,Vila Ipiranga
91230,Vila Ipiranga
91231,Jardim São Pedro
91232,Jardim São Pedro
91233,Jardim São Pedro
91234,Jardim São Pedro
91235,Jardim São Pedro
91236,Jardim São Pedro
91237,Jardim São Pedro
91238,Jardim São Pedro
91239,Jardim São Pedro
91240,Jardim São Pedro
91241,Jardim Floresta
91242,Jardim Floresta
91243,Jardim Floresta
91244,Jardim Floresta
91245,Jardim Floresta
91246,Jardim Floresta
91247,Jardim Floresta
91248,Jardim Floresta
91249,Jardim Floresta
91250,Jardim Floresta
91251,Passo das Pedras
91252,Passo das Pedras
91253,Passo das Pedras
91254,Passo das Pedras
91255,Passo das Pedras
91256,Passo das Pedras
91257,Passo das Pedras
91258,Passo das Pedras
91259,Passo das Pedras
91260,Passo das Pedras
91261,Protásio Alves
91262,Protásio Alves
91263,Protásio Alves
91264,Protásio Alves
91265,Protásio Alves
91266,Protásio Alves
91267,Protásio Alves
91268,Protásio Alves
91269,Protásio Alves
91270,Protásio Alves
91271,Protásio Alves
91272,Protásio Alves
91273,Protásio Alves
91274,Protásio Alves
91275,Protásio Alves
91276,Protásio Alves
91277,Protásio Alves
91278,Protásio Alves
91279,Protásio Alves
91280,Protásio Alves
91281,Protásio Alves
91282,Protásio Alves
91283,Protásio Alves
91284,Protásio Alves
91285,Protásio Alves
91286,Protásio Alves
91287,Protásio Alves
91288,Protásio Alves
91289,Protásio Alves
91290,Protásio Alves
91291,Protásio Alves
91292,Protásio Alves
91293,Protásio Alves
91294,Protásio Alves
91295,Protásio Alves
91296,Protásio Alves
91297,Protásio Alves
91298,Protásio Alves
91299,Protásio Alves
91300,Protásio Alves
91301,Protásio Alves
91302,Protásio Alves
91303,Protásio Alves
91304,Protásio Alves
91305,Protásio Alves
91306,Protásio Alves
91307,Protásio Alves
91308,Protásio Alves
91309,Protásio Alves
91310,Protásio Alves
91311,Protásio Alves
91312,Protásio Alves
91313,Protásio Alves
91314,Protásio Alves
91315,Protásio Alves
91316,Protásio Alves
91317,Protásio Alves
91318,Protásio Alves
91319,Protásio Alves
91320,Protásio Alves
91321,Vila Jardim
91322,Vila Jardim
91323,Vila Jardim
91324,Vila Jardim
91325,Vila Jardim
91326,Vila Jardim
91327,Vila Jardim
91328,Vila Jardim
91329,Vila Jardim
91330,Vila Jardim
91331,Vila Jardim
91332,Vila Jardim
91333,Vila Jardim
91334,Vila Jardim
91335,Vila Jardim
91336,Vila Jardim
91337,Vila Jardim
91338,Vila Jardim
91339,Vila Jardim
91340,Vila Jardim
91341,Três Figueiras
91342,Três Figueiras
91343,Três Figueiras
91344,Três Figueiras
91345,Três Figueiras
91346,Três Figueiras
91347,Três Figueiras
91348,Três Figueiras
91349,Três Figueiras
91350,Três Figueiras
91351,Chácara das Pedras
91352,Chácara das Pedras
91353,Chácara das Pedras
91354,Chácara das Pedras
91355,Chácara das Pedras
91356,Chácara das Pedras
91357,Chácara das Pedras
91358,Chácara das Pedras
91359,Chácara das Pedras
91360,Chácara das Pedras
91370,Cristal
91371,Cristal
91372,Cristal
91373,Cristal
91374,Cristal
91375,Cristal
91376,Cristal
91377,Cristal
91378,Cristal
91379,Cristal
91380,Cristal
91381,Cristal
91382,Cristal
91383,Cristal
91384,Cristal
91385,Cristal
91386,Cristal
91387,Cristal
91388,Cristal
91389,Cristal
91390,Cristal
91391,Cristal
91392,Cristal
91393,Cristal
91394,Cristal
91395,Cristal
91396,Cristal
91397,Cristal
91398,Cristal
91399,Cristal
91400,Cristal
91401,Cristal
91402,Cristal
91403,Cristal
91404,Cristal
91405,Cristal
91406,Cristal
91407,Cristal
91408,Cristal
91409,Cristal
91410,Cristal
91411,Cavalhada
91412,Cavalhada
91413,Cavalhada
91414,Cavalhada
91415,Cavalhada
91416,Cavalhada
91417,Cavalhada
91418,Cavalhada
91419,Cavalhada
91420,Cavalhada
91421,Cavalhada
91422,Cavalhada
91423,Cavalhada
91424,Cavalhada
91425,Cavalhada
91426,Cavalhada
91427,Cavalhada
91428,Cavalhada
91429,Cavalhada
91430,Cavalhada
91431,Vila Nova
91432,Vila Nova
91433,Vila Nova
91434,Vila Nova
91435,Vila Nova
91436,Vila Nova
91437,Vila Nova
91438,Vila Nova
91439,Vila Nova
91440,Vila Nova
91441,Vila Nova
91442,Vila Nova
91443,Vila Nova
91444,Vila Nova
91445,Vila Nova
91446,Vila Nova
91447,Vila Nova
91448,Vila Nova
91449,Vila Nova
91450,Vila Nova
91451,Vila Nova
91452,Vila Nova
91453,Vila Nova
91454,Vila Nova
91455,Vila Nova
91456,Vila Nova
91457,Vila Nova
91458,Vila Nova
91459,Vila Nova
91460,Vila Nova
91461,Camaquã
91462,Camaquã
91463,Camaquã
91464,Camaquã
91465,Camaquã
91466,Camaquã
91467,Camaquã
91468,Camaquã
91469,Camaquã
91470,Camaquã
91471,Camaquã
91472,Camaquã
91473,Camaquã
91474,Camaquã
91475,Camaquã
91476,Camaquã
91477,Camaquã
91478,Camaquã
91479,Camaquã
91480,Camaquã
91481,Camaquã
91482,Camaquã
91483,Camaquã
91484,Camaquã
91485,Camaquã
91486,Camaquã
91487,Camaquã
91488,Camaquã
91489,Camaquã
91490,Camaquã
91491,Camaquã
91492,Camaquã
91493,Camaquã
91494,Camaquã
91495,Camaquã
91496,Camaquã
91497,Camaquã
91498,Camaquã
91499,Camaquã
91500,Camaquã
91501,Espírito Santo
91502,Espírito Santo
91503,Espírito Santo
91504,Espírito Santo
91505,Espírito Santo
91506,Espírito Santo
91507,Espírito Santo
91508,Espírito Santo
91509,Espírito Santo
91510,Espírito Santo
91511,Espírito Santo
91512,Espírito Santo
91513,Espírito Santo
91514,Espírito Santo
91515,Espírito Santo
91516,Espírito Santo
91517,Espírito Santo
91518,Espírito Santo
91519,Espírito Santo
91520,Espírito Santo
91521,Tristeza
91522,Tristeza
91523,Tristeza
91524,Tristeza
91525,Tristeza
91526,Tristeza
91527,Tristeza
91528,Tristeza
91529,Tristeza
91530,Tristeza
91531,Vila Conceição
91532,Vila Conceição
91533,Vila Conceição
91534,Vila Conceição
91535,Vila Conceição
91536,Vila Conceição
91537,Vila Conceição
91538,Vila Conceição
91539,Vila Conceição
91540,Vila Conceição
91541,Pedra Redonda
91542,Pedra Redonda
91543,Pedra Redonda
91544,Pedra Redonda
91545,Pedra Redonda
91546,Pedra Redonda
91547,Pedra Redonda
91548,Pedra Redonda
91549,Pedra Redonda
91550,Pedra Redonda
91551,Ipanema
91552,Ipanema
91553,Ipanema
91554,Ipanema
91555,Ipanema
91556,Ipanema
91557,Ipanema
91558,Ipanema
91559,Ipanema
91560,Ipanema
91561,Restinga
91562,Restinga
91563,Restinga
91564,Restinga
91565,Restinga
91566,Restinga
91567,Restinga
91568,Restinga
91569,Restinga
91570,Restinga
91571,Restinga
91572,Restinga
91573,Restinga
91574,Restinga
91575,Restinga
91576,Restinga
91577,Restinga
91578,Restinga
91579,Restinga
91580,Restinga
91581,Restinga
91582,Restinga
91583,Restinga
91584,Restinga
91585,Restinga
91586,Restinga
91587,Restinga
91588,Restinga
91589,Restinga
91590,Restinga
91591,Restinga
91592,Restinga
91593,Restinga
91594,Restinga
91595,Restinga
91596,Restinga
91597,Restinga
91598,Restinga
91599,Restinga
91600,Restinga
91601,Restinga
91602,Restinga
91603,Restinga
91604,Restinga
91605,Restinga
91606,Restinga
91607,Restinga
91608,Restinga
91609,Restinga
91610,Restinga
91611,Restinga
91612,Restinga
91613,Restinga
91614,Restinga
91615,Restinga
91616,Restinga
91617,Restinga
91618,Restinga
91619,Restinga
91620,Restinga
91621,Restinga
91622,Restinga
91623,Restinga
91624,Restinga
91625,Restinga
91626,Restinga
91627,Restinga
91628,Restinga
91629,Restinga
91630,Restinga
91631,Restinga
91632,Restinga
91633,Restinga
91634,Restinga
91635,Restinga
91636,Restinga
91637,Restinga
91638,Restinga
91639,Restinga
91640,Restinga
91641,Restinga
91642,Restinga
91643,Restinga
91644,Restinga
91645,Restinga
91646,Restinga
91647,Restinga
91648,Restinga
91649,Restinga
91650,Restinga
91651,Restinga
91652,Restinga
91653,Restinga
91654,Restinga
91655,Restinga
91656,Restinga
91657,Restinga
91658,Restinga
91659,Restinga
91660,Restinga
91661,Restinga
91662,Restinga
91663,Restinga
91664,Restinga
91665,Restinga
91666,Restinga
91667,Restinga
91668,Restinga
91669,Restinga
91670,Restinga
91671,Restinga
91672,Restinga
91673,Restinga
91674,Restinga
91675,Restinga
91676,Restinga
91677,Restinga
91678,Restinga
91679,Restinga
91680,Restinga
91681,Restinga
91682,Restinga
91683,Restinga
91684,Restinga
91685,Restinga
91686,Restinga
91687,Restinga
91688,Restinga
91689,Restinga
91690,Restinga
91691,Restinga
91692,Restinga
91693,Restinga
91694,Restinga
91695,Restinga
91696,Restinga
91697,Restinga
91698,Restinga
91699,Restinga
91700,Restinga
91701,Restinga
91702,Restinga
91703,Restinga
91704,Restinga
91705,Restinga
91706,Restinga
91707,Restinga
91708,Restinga
91709,Restinga
91710,Restinga
91711,Lami
91712,Lami
91713,Lami
91714,Lami
91715,Lami
91716,Lami
91717,Lami
91718,Lami
91719,Lami
91720,Lami
91721,Belém Novo
91722,Belém Novo
91723,Belém Novo
91724,Belém Novo
91725,Belém Novo
91726,Belém Novo
91727,Belém Novo
91728,Belém Novo
91729,Belém Novo
91730,Belém Novo
91731,Belém Novo
91732,Belém Novo
91733,Belém Novo
91734,Belém Novo
91735,Belém Novo
91736,Belém Novo
91737,Belém Novo
91738,Belém Novo
91739,Belém Novo
91740,Belém Novo
91741,Lageado
91742,Lageado
91743,Lageado
91744,Lageado
91745,Lageado
91746,Lageado
91747,Lageado
91748,Lageado
91749,Lageado
91750,Lageado
91751,Lageado
91752,Lageado
91753,Lageado
91754,Lageado
91755,Lageado
91756,Lageado
91757,Lageado
91758,Lageado
91759,Lageado
91760,Lageado
91761,Ponta Grossa
91762,Ponta Grossa
91763,Ponta Grossa
91764,Ponta Grossa
91765,Ponta Grossa
91766,Ponta Grossa
91767,Ponta Grossa
91768,Ponta Grossa
91769,Ponta Grossa
91770,Ponta Grossa
91771,Ponta Grossa
91772,Ponta Grossa
91773,Ponta Grossa
91774,Ponta Grossa
91775,Ponta Grossa
91776,Ponta Grossa
91777,Ponta Grossa
91778,Ponta Grossa
91779,Ponta Grossa
91780,Ponta Grossa
91781,Belém Velho
91782,Belém Velho
91783,Belém Velho
91784,Belém Velho
91785,Belém Velho
91786,Belém Velho
91787,Belém Velho
91788,Belém Velho
91789,Belém Velho
91790,Belém Velho
91791,Belém Velho
91792,Belém Velho
91793,Belém Velho
91794,Belém Velho
91795,Belém Velho
91796,Belém Velho
91797,Belém Velho
91798,Belém Velho
91799,Belém Velho
91800,Belém Velho
91900,Aberta dos Morros
91901,Aberta dos Morros
91902,Aberta dos Morros
91903,Aberta dos Morros
91904,Aberta dos Morros
91905,Aberta dos Morros
91906,Aberta dos Morros
91907,Aberta dos Morros
91908,Aberta dos Morros
91909,Aberta dos Morros
91910,Aberta dos Morros
91911,Aberta dos Morros
91912,Aberta dos Morros
91913,Aberta dos Morros
91914,Aberta dos Morros
91915,Aberta dos Morros
91916,Aberta dos Morros
91917,Aberta dos Morros
91918,Aberta dos Morros
91919,Aberta dos Morros
91920,Aberta dos Morros
91921,Aberta dos Morros
91922,Aberta dos Morros
91923,Aberta dos Morros
91924,Aberta dos Morros
91925,Aberta dos Morros
91926,Aberta dos Morros
91927,Aberta dos Morros
91928,Aberta dos Morros
91929,Aberta dos Morros
91930,Aberta dos Morros
91931,Jardim Isabel
91932,Jardim Isabel
91933,Jardim Isabel
91934,Jardim Isabel
91935,Jardim Isabel
91936,Jardim Isabel
91937,Jardim Isabel
91938,Jardim Isabel
91939,Jardim Isabel
91940,Jardim Isabel
91941,Vila Assunção
91942,Vila Assunção
91943,Vila Assunção
91944,Vila Assunção
91945,Vila Assunção
91946,Vila Assunção
91947,Vila Assunção
91948,Vila Assunção
91949,Vila Assunção
91950,Vila Assunção
91951,Vila Assunção
91952,Vila Assunção
91953,Vila Assunção
91954,Vila Assunção
91955,Vila Assunção
91956,Vila Assunção
91957,Vila Assunção
91958,Vila Assunção
91959,Vila Assunção
91960,Vila Assunção
91961,Hípica
91962,Hípica
91963,Hípica
91964,Hípica
91965,Hípica
91966,Hípica
91967,Hípica
91968,Hípica
91969,Hípica
91970,Hípica
91971,Hípica
91972,Hípica
91973,Hípica
91974,Hípica
91975,Hípica
91976,Hípica
91977,Hípica
91978,Hípica
91979,Hípica
91980,Hípica
91981,Hípica
91982,Hípica
91983,Hípica
91984,Hípica
91985,Hípica
91986,Hípica
91987,Hípica
92010,Teresópolis
92011,Teresópolis
92012,Teresópolis
92013,Teresópolis
92014,Teresópolis
92015,Teresópolis
92016,Teresópolis
92017,Teresópolis
92018,Teresópolis
92019,Teresópolis
92020,Teresópolis
92021,Teresópolis
92022,Teresópolis
92023,Teresópolis
92024,Teresópolis
92025,Teresópolis
92026,Teresópolis
92027,Teresópolis
92028,Teresópolis
92029,Teresópolis
92030,Teresópolis
92031,Teresópolis
92032,Teresópolis
92033,Teresópolis
92034,Teresópolis
92035,Teresópolis
92036,Teresópolis
92037,Teresópolis
92038,Teresópolis
92039,Teresópolis
92040,Teresópolis
92041,Teresópolis
92042,Teresópolis
92043,Teresópolis
92044,Teresópolis
92045,Teresópolis
92046,Teresópolis
92047,Teresópolis
92048,Teresópolis
92049,Teresópolis
92050,Teresópolis
92051,Teresópolis
92052,Teresópolis
92053,Teresópolis
92054,Teresópolis
92055,Teresópolis
92056,Teresópolis
92057,Teresópolis
92058,Teresópolis
92059,Teresópolis
92060,Teresópolis
92061,Glória
92062,Glória
92063,Glória
92064,Glória
92065,Glória
92066,Glória
92067,Glória
92068,Glória
92069,Glória
92070,Glória
92071,Glória
92072,Glória
92073,Glória
92074,Glória
92075,Glória
92076,Glória
92077,Glória
92078,Glória
92079,Glória
92080,Glória
92081,Glória
92082,Glória
92083,Glória
92084,Glória
92085,Glória
92086,Glória
92087,Glória
92088,Glória
92089,Glória
92090,Glória
92091,Glória
92092,Glória
92093,Glória
92094,Glória
92095,Glória
92096,Glória
92097,Glória
92098,Glória
92099,Glória
92100,Glória
92101,Glória
92102,Glória
92103,Glória
92104,Glória
92105,Glória
92106,Glória
92107,Glória
92108,Glória
92109,Glória
92110,Glória
92111,Medianeira
92112,Medianeira
92113,Medianeira
92114,Medianeira
92115,Medianeira
92116,Medianeira
92117,Medianeira
92118,Medianeira
92119,Medianeira
92120,Medianeira
92121,Medianeira
92122,Medianeira
92123,Medianeira
92124,Medianeira
92125,Medianeira
92126,Medianeira
92127,Medianeira
92128,Medianeira
92129,Medianeira
92130,Medianeira
92131,Medianeira
92132,Medianeira
92133,Medianeira
92134,Medianeira
92135,Medianeira
92136,Medianeira
92137,Medianeira
92138,Medianeira
92139,Medianeira
92140,Medianeira
92141,Medianeira
92142,Medianeira
92143,Medianeira
92144,Medianeira
92145,Medianeira
92146,Medianeira
92147,Medianeira
92148,Medianeira
92149,Medianeira
92150,Medianeira
92151,Medianeira
92152,Medianeira
92153,Medianeira
92154,Medianeira
92155,Medianeira
92156,Medianeira
92157,Medianeira
92158,Medianeira
92159,Medianeira
92160,Medianeira
92161,Medianeira
92162,Medianeira
92163,Medianeira
92164,Medianeira
92165,Medianeira
92166,Medianeira
92167,Medianeira
92168,Medianeira
92169,Medianeira
92170,Medianeira
92171,Cascata
92172,Cascata
92173,Cascata
92174,Cascata
92175,Cascata
92176,Cascata
92177,Cascata
92178,Cascata
92179,Cascata
92180,Cascata
92181,Cascata
92182,Cascata
92183,Cascata
92184,Cascata
92185,Cascata
92186,Cascata
92187,Cascata
92188,Cascata
92189,Cascata
92190,Cascata
92191,Cascata
92192,Cascata
92193,Cascata
92194,Cascata
92195,Cascata
92196,Cascata
92197,Cascata
92198,Cascata
92199,Cascata
92200,Cascata
92201,Cascata
92202,Cascata
92203,Cascata
92204,Cascata
92205,Cascata
92206,Cascata
92207,Cascata
92208,Cascata
92209,Cascata
92210,Cascata
92211,Vila João Pessoa
92212,Vila João Pessoa
92213,Vila João Pessoa
92214,Vila João Pessoa
92215,Vila João Pessoa
92216,Vila João Pessoa
92217,Vila João Pessoa
92218,Vila João Pessoa
92219,Vila João Pessoa
92220,Vila João Pessoa
92221,Vila João Pessoa
92222,Vila João Pessoa
92223,Vila João Pessoa
92224,Vila João Pessoa
92225,Vila João Pessoa
92226,Vila João Pessoa
92227,Vila João Pessoa
92228,Vila João Pessoa
92229,Vila João Pessoa
92230,Vila João Pessoa
92231,Vila João Pessoa
92232,Vila João Pessoa
92233,Vila João Pessoa
92234,Vila João Pessoa
92235,Vila João Pessoa
92236,Vila João Pessoa
92237,Vila João Pessoa
92238,Vila João Pessoa
92239,Vila João Pessoa
92240,Vila João Pessoa
92241,Vila João Pessoa
92242,Vila João Pessoa
92243,Vila João Pessoa
92244,Vila João Pessoa
92245,Vila João Pessoa
92246,Vila João Pessoa
92247,Vila João Pessoa
92248,Vila João Pessoa
92249,Vila João Pessoa
92250,Vila João Pessoa
92251,Vila João Pessoa
92252,Vila João Pessoa
92253,Vila João Pessoa
92254,Vila João Pessoa
92255,Vila João Pessoa
92256,Vila João Pessoa
92257,Vila João Pessoa
92258,Vila João Pessoa
92259,Vila João Pessoa
92260,Vila João Pessoa
92261,Partenon
92262,Partenon
92263,Partenon
92264,Partenon
92265,Partenon
92266,Partenon
92267,Partenon
92268,Partenon
92269,Partenon
92270,Partenon
92271,Partenon
92272,Partenon
92273,Partenon
92274,Partenon
92275,Partenon
92276,Partenon
92277,Partenon
92278,Partenon
92279,Partenon
92280,Partenon
92281,Partenon
92282,Partenon
92283,Partenon
92284,Partenon
92285,Partenon
92286,Partenon
92287,Partenon
92288,Partenon
92289,Partenon
92290,Partenon
92291,Partenon
92292,Partenon
92293,Partenon
92294,Partenon
92295,Partenon
92296,Partenon
92297,Partenon
92298,Partenon
92299,Partenon
92300,Partenon
92301,Partenon
92302,Partenon
92303,Partenon
92304,Partenon
92305,Partenon
92306,Partenon
92307,Partenon
92308,Partenon
92309,Partenon
92310,Partenon
92311,Cel. Aparício Borges
92312,Cel. Aparício Borges
92313,Cel. Aparício Borges
92314,Cel. Aparício Borges
92315,Cel. Aparício Borges
92316,Cel. Aparício Borges
92317,Cel. Aparício Borges
92318,Cel. Aparício Borges
92319,Cel. Aparício Borges
92320,Cel. Aparício Borges
92321,Cel. Aparício Borges
92322,Cel. Aparício Borges
92323,Cel. Aparício Borges
92324,Cel. Aparício Borges
92325,Cel. Aparício Borges
92326,Cel. Aparício Borges
92327,Cel. Aparício Borges
92328,Cel. Aparício Borges
92329,Cel. Aparício Borges
92330,Cel. Aparício Borges
92331,Cel. Aparício Borges
92332,Cel. Aparício Borges
92333,Cel. Aparício Borges
92334,Cel. Aparício Borges
92335,Cel. Aparício Borges
92336,Cel. Aparício Borges
92337,Cel. Aparício Borges
92338,Cel. Aparício Borges
92339,Cel. Aparício Borges
92340,Cel. Aparício Borges
92341,Cel. Aparício Borges
92342,Cel. Aparício Borges
92343,Cel. Aparício Borges
92344,Cel. Aparício Borges
92345,Cel. Aparício Borges
92346,Cel. Aparício Borges
92347,Cel. Aparício Borges
92348,Cel. Aparício Borges
92349,Cel. Aparício Borges
92350,Cel. Aparício Borges
92351,Cel. Aparício Borges
92352,Cel. Aparício Borges
92353,Cel. Aparício Borges
92354,Cel. Aparício Borges
92355,Cel. Aparício Borges
92356,Cel. Aparício Borges
92357,Cel. Aparício Borges
92358,Cel. Aparício Borges
92359,Cel. Aparício Borges
92360,Cel. Aparício Borges
92361,São José
92362,São José
92363,São José
92364,São José
92365,São José
92366,São José
92367,São José
92368,São José
92369,São José
92370,São José
92371,São José
92372,São José
92373,São José
92374,São José
92375,São José
92376,São José
92377,São José
92378,São José
92379,São José
92380,São José
92381,São José
92382,São José
92383,São José
92384,São José
92385,São José
92386,São José
92387,São José
92388,São José
92389,São José
92390,São José
92391,São José
92392,São José
92393,São José
92394,São José
92395,São José
92396,São José
92397,São José
92398,São José
92399,São José
92400,São José
92401,São José
92402,São José
92403,São José
92404,São José
92405,São José
92406,São José
92407,São José
92408,São José
92409,São José
92410,São José
92411,Vila São José
92412,Vila São José
92413,Vila São José
92414,Vila São José
92415,Vila São José
92416,Vila São José
92417,Vila São José
92418,Vila São José
92419,Vila São José
92420,Vila São José
92421,Vila São José
92422,Vila São José
92423,Vila São José
92424,Vila São José
92425,Vila São José
92426,Vila São José
92427,Vila São José
92428,Vila São José
92429,Vila São José
92430,Vila São José
92431,Vila São José
92432,Vila São José
92433,Vila São José
92434,Vila São José
92435,Vila São José
92436,Vila São José
92437,Vila São José
92438,Vila São José
92439,Vila São José
92440,Vila São José
92441,Vila São José
92442,Vila São José
92443,Vila São José
92444,Vila São José
92445,Vila São José
92446,Vila São José
92447,Vila São José
92448,Vila São José
92449,Vila São José
92450,Vila São José
92451,Vila São José
92452,Vila São José
92453,Vila São José
92454,Vila São José
92455,Vila São José
92456,Vila São José
92457,Vila São José
92458,Vila São José
92459,Vila São José
92460,Vila São José
92461,Santo Antônio
92462,Santo Antônio
92463,Santo Antônio
92464,Santo Antônio
92465,Santo Antônio
92466,Santo Antônio
92467,Santo Antônio
92468,Santo Antônio
92469,Santo Antônio
92470,Santo Antônio
92471,Santo Antônio
92472,Santo Antônio
92473,Santo Antônio
92474,Santo Antônio
92475,Santo Antônio
92476,Santo Antônio
92477,Santo Antônio
92478,Santo Antônio
92479,Santo Antônio
92480,Santo Antônio
92481,Santo Antônio
92482,Santo Antônio
92483,Santo Antônio
92484,Santo Antônio
92485,Santo Antônio
92486,Santo Antônio
92487,Santo Antônio
92488,Santo Antônio
92489,Santo Antônio
92490,Santo Antônio
92491,Santo Antônio
92492,Santo Antônio
92493,Santo Antônio
92494,Santo Antônio
92495,Santo Antônio
92496,Santo Antônio
92497,Santo Antônio
92498,Santo Antônio
92499,Santo Antônio
92500,Santo Antônio
92501,Santo Antônio
92502,Santo Antônio
92503,Santo Antônio
92504,Santo Antônio
92505,Santo Antônio
92506,Santo Antônio
92507,Santo Antônio
92508,Santo Antônio
92509,Santo Antônio
92510,Santo Antônio
